,open_tf_time,open_t_time,wind_tf_p,wind_t_p,close_tf_time,close_t_time,unwind_tf_p,unwind_t_p,diff_tf,diff_t,sum
0,2022-10-13 09:32:45,2022-10-13 09:32:45,101.68,-101.05,2022-10-13 09:39:15,2022-10-13 09:39:15,-101.69,101.065,0.009999999999990905,-0.015000000000000568,-0.005000000000009663
1,2022-10-13 09:33:00,2022-10-13 09:33:00,101.68,-101.05,2022-10-13 09:39:15,2022-10-13 09:39:15,-101.69,101.065,0.009999999999990905,-0.015000000000000568,-0.005000000000009663
2,2022-10-13 09:33:30,2022-10-13 09:33:30,101.68,-101.045,2022-10-13 09:39:15,2022-10-13 09:39:15,-101.69,101.065,0.009999999999990905,-0.01999999999999602,-0.010000000000005116
3,2022-10-13 09:33:47,2022-10-13 09:33:45,101.675,-101.04,2022-10-13 09:39:15,2022-10-13 09:39:15,-101.69,101.065,0.015000000000000568,-0.024999999999991473,-0.009999999999990905
4,2022-10-13 09:34:00,2022-10-13 09:34:00,101.69,-101.07,2022-10-13 09:39:15,2022-10-13 09:39:15,-101.69,101.065,0.0,0.0049999999999954525,0.0049999999999954525
5,2022-10-13 09:35:00,2022-10-13 09:35:00,101.69,-101.07249999999999,2022-10-13 09:39:15,2022-10-13 09:39:15,-101.69,101.065,0.0,0.007499999999993179,0.007499999999993179
6,2022-10-13 09:35:15,2022-10-13 09:35:15,101.69,-101.07,2022-10-13 09:39:15,2022-10-13 09:39:15,-101.69,101.065,0.0,0.0049999999999954525,0.0049999999999954525
7,2022-10-13 09:35:30,2022-10-13 09:35:30,101.69,-101.075,2022-10-13 09:39:15,2022-10-13 09:39:15,-101.69,101.065,0.0,0.010000000000005116,0.010000000000005116
8,2022-10-13 09:36:00,2022-10-13 09:36:02,101.685,-101.065,2022-10-13 09:39:15,2022-10-13 09:39:15,-101.69,101.065,0.0049999999999954525,0.0,0.0049999999999954525
9,2022-10-13 09:36:16,2022-10-13 09:36:15,101.685,-101.065,2022-10-13 09:39:15,2022-10-13 09:39:15,-101.69,101.065,0.0049999999999954525,0.0,0.0049999999999954525
10,2022-10-13 09:40:46,2022-10-13 09:40:45,-101.685,101.055,2022-10-13 09:41:45,2022-10-13 09:41:45,101.68,-101.06,0.0049999999999954525,0.0049999999999954525,0.009999999999990905
11,2022-10-13 09:41:07,2022-10-13 09:41:00,-101.685,101.055,2022-10-13 09:41:45,2022-10-13 09:41:45,101.68,-101.06,0.0049999999999954525,0.0049999999999954525,0.009999999999990905
12,2022-10-13 09:41:15,2022-10-13 09:41:15,-101.685,101.055,2022-10-13 09:41:45,2022-10-13 09:41:45,101.68,-101.06,0.0049999999999954525,0.0049999999999954525,0.009999999999990905
13,2022-10-13 09:42:17,2022-10-13 09:42:15,101.68,-101.06,2022-10-13 09:43:00,2022-10-13 09:43:00,-101.685,101.055,0.0049999999999954525,0.0049999999999954525,0.009999999999990905
14,2022-10-13 09:43:32,2022-10-13 09:43:31,-101.685,101.055,2022-10-13 09:46:34,2022-10-13 09:46:32,101.675,-101.055,0.010000000000005116,0.0,0.010000000000005116
15,2022-10-13 09:43:46,2022-10-13 09:43:47,-101.685,101.05,2022-10-13 09:46:34,2022-10-13 09:46:32,101.675,-101.055,0.010000000000005116,0.005000000000009663,0.01500000000001478
16,2022-10-13 09:44:01,2022-10-13 09:44:00,-101.68,101.05,2022-10-13 09:46:34,2022-10-13 09:46:32,101.675,-101.055,0.005000000000009663,0.005000000000009663,0.010000000000019327
17,2022-10-13 09:44:15,2022-10-13 09:44:15,-101.68,101.045,2022-10-13 09:46:34,2022-10-13 09:46:32,101.675,-101.055,0.005000000000009663,0.010000000000005116,0.01500000000001478
18,2022-10-13 09:44:31,2022-10-13 09:44:30,-101.68,101.045,2022-10-13 09:46:34,2022-10-13 09:46:32,101.675,-101.055,0.005000000000009663,0.010000000000005116,0.01500000000001478
19,2022-10-13 09:44:45,2022-10-13 09:44:45,-101.68,101.04,2022-10-13 09:46:34,2022-10-13 09:46:32,101.675,-101.055,0.005000000000009663,0.015000000000000568,0.020000000000010232
20,2022-10-13 09:45:00,2022-10-13 09:45:00,-101.68,101.04,2022-10-13 09:46:34,2022-10-13 09:46:32,101.675,-101.055,0.005000000000009663,0.015000000000000568,0.020000000000010232
21,2022-10-13 09:45:15,2022-10-13 09:45:16,-101.685,101.0425,2022-10-13 09:46:34,2022-10-13 09:46:32,101.675,-101.055,0.010000000000005116,0.012500000000002842,0.022500000000007958
22,2022-10-13 09:45:30,2022-10-13 09:45:30,-101.68,101.04,2022-10-13 09:46:34,2022-10-13 09:46:32,101.675,-101.055,0.005000000000009663,0.015000000000000568,0.020000000000010232
23,2022-10-13 09:45:45,2022-10-13 09:45:46,-101.68,101.04,2022-10-13 09:46:34,2022-10-13 09:46:32,101.675,-101.055,0.005000000000009663,0.015000000000000568,0.020000000000010232
24,2022-10-13 09:46:00,2022-10-13 09:46:00,-101.68,101.045,2022-10-13 09:46:34,2022-10-13 09:46:32,101.675,-101.055,0.005000000000009663,0.010000000000005116,0.01500000000001478
25,2022-10-13 09:47:01,2022-10-13 09:47:00,101.68,-101.055,2022-10-13 09:48:15,2022-10-13 09:48:15,-101.685,101.05,0.0049999999999954525,0.005000000000009663,0.010000000000005116
26,2022-10-13 09:47:15,2022-10-13 09:47:16,101.68,-101.055,2022-10-13 09:48:15,2022-10-13 09:48:15,-101.685,101.05,0.0049999999999954525,0.005000000000009663,0.010000000000005116
27,2022-10-13 09:47:30,2022-10-13 09:47:35,101.68,-101.055,2022-10-13 09:48:15,2022-10-13 09:48:15,-101.685,101.05,0.0049999999999954525,0.005000000000009663,0.010000000000005116
28,2022-10-13 09:48:01,2022-10-13 09:48:01,101.68,-101.055,2022-10-13 09:48:15,2022-10-13 09:48:15,-101.685,101.05,0.0049999999999954525,0.005000000000009663,0.010000000000005116
29,2022-10-13 09:48:45,2022-10-13 09:48:46,-101.68,101.045,2022-10-13 09:54:21,2022-10-13 09:54:15,101.695,-101.08,-0.014999999999986358,0.03499999999999659,0.020000000000010232
30,2022-10-13 09:49:00,2022-10-13 09:49:00,-101.68,101.045,2022-10-13 09:54:21,2022-10-13 09:54:15,101.695,-101.08,-0.014999999999986358,0.03499999999999659,0.020000000000010232
31,2022-10-13 09:50:00,2022-10-13 09:50:00,-101.685,101.05,2022-10-13 09:54:21,2022-10-13 09:54:15,101.695,-101.08,-0.009999999999990905,0.030000000000001137,0.020000000000010232
32,2022-10-13 09:51:45,2022-10-13 09:51:45,101.68,-101.055,2022-10-13 09:54:21,2022-10-13 09:54:15,-101.7,101.075,0.01999999999999602,-0.01999999999999602,0.0
33,2022-10-13 09:52:04,2022-10-13 09:52:00,101.685,-101.06,2022-10-13 09:54:21,2022-10-13 09:54:15,-101.7,101.075,0.015000000000000568,-0.015000000000000568,0.0
34,2022-10-13 09:52:30,2022-10-13 09:52:30,101.695,-101.08,2022-10-13 09:54:21,2022-10-13 09:54:15,-101.7,101.075,0.005000000000009663,0.0049999999999954525,0.010000000000005116
35,2022-10-13 09:52:45,2022-10-13 09:52:45,101.695,-101.085,2022-10-13 09:54:21,2022-10-13 09:54:15,-101.7,101.075,0.005000000000009663,0.009999999999990905,0.015000000000000568
36,2022-10-13 09:53:01,2022-10-13 09:53:01,101.69,-101.075,2022-10-13 09:54:21,2022-10-13 09:54:15,-101.7,101.075,0.010000000000005116,0.0,0.010000000000005116
37,2022-10-13 09:53:20,2022-10-13 09:53:15,101.69,-101.075,2022-10-13 09:54:21,2022-10-13 09:54:15,-101.7,101.075,0.010000000000005116,0.0,0.010000000000005116
38,2022-10-13 09:53:31,2022-10-13 09:53:31,101.69,-101.07,2022-10-13 09:54:21,2022-10-13 09:54:15,-101.7,101.075,0.010000000000005116,-0.005000000000009663,0.0049999999999954525
39,2022-10-13 09:53:48,2022-10-13 09:53:45,101.695,-101.08,2022-10-13 09:54:21,2022-10-13 09:54:15,-101.7,101.075,0.005000000000009663,0.0049999999999954525,0.010000000000005116
40,2022-10-13 09:57:31,2022-10-13 09:57:30,101.7,-101.1,2022-10-13 09:58:30,2022-10-13 09:58:30,-101.69,101.07,-0.010000000000005116,0.030000000000001137,0.01999999999999602
41,2022-10-13 09:57:45,2022-10-13 09:57:45,101.695,-101.09,2022-10-13 09:58:30,2022-10-13 09:58:30,-101.69,101.07,-0.0049999999999954525,0.020000000000010232,0.01500000000001478
42,2022-10-13 09:58:00,2022-10-13 09:58:00,101.69,-101.075,2022-10-13 09:58:30,2022-10-13 09:58:30,-101.69,101.07,0.0,0.005000000000009663,0.005000000000009663
43,2022-10-13 09:58:45,2022-10-13 09:58:45,-101.69,101.0675,2022-10-13 10:06:15,2022-10-13 10:06:15,101.71,-101.1,-0.01999999999999602,0.03249999999999886,0.012500000000002842
44,2022-10-13 09:59:00,2022-10-13 09:59:01,-101.685,101.065,2022-10-13 10:06:15,2022-10-13 10:06:15,101.71,-101.1,-0.024999999999991473,0.03499999999999659,0.010000000000005116
45,2022-10-13 09:59:16,2022-10-13 09:59:16,-101.685,101.065,2022-10-13 10:06:15,2022-10-13 10:06:15,101.71,-101.1,-0.024999999999991473,0.03499999999999659,0.010000000000005116
46,2022-10-13 10:00:15,2022-10-13 10:00:15,101.685,-101.0775,2022-10-13 10:06:15,2022-10-13 10:06:15,-101.715,101.095,0.030000000000001137,-0.017499999999998295,0.012500000000002842
47,2022-10-13 10:00:30,2022-10-13 10:00:30,101.685,-101.08,2022-10-13 10:06:15,2022-10-13 10:06:15,-101.715,101.095,0.030000000000001137,-0.015000000000000568,0.015000000000000568
48,2022-10-13 10:00:53,2022-10-13 10:00:45,101.685,-101.08,2022-10-13 10:06:15,2022-10-13 10:06:15,-101.715,101.095,0.030000000000001137,-0.015000000000000568,0.015000000000000568
49,2022-10-13 10:01:01,2022-10-13 10:01:00,101.685,-101.08,2022-10-13 10:06:15,2022-10-13 10:06:15,-101.715,101.095,0.030000000000001137,-0.015000000000000568,0.015000000000000568
50,2022-10-13 10:01:15,2022-10-13 10:01:15,101.69,-101.085,2022-10-13 10:06:15,2022-10-13 10:06:15,-101.715,101.095,0.025000000000005684,-0.010000000000005116,0.015000000000000568
51,2022-10-13 10:01:30,2022-10-13 10:01:30,101.7,-101.1,2022-10-13 10:06:15,2022-10-13 10:06:15,-101.715,101.095,0.015000000000000568,0.0049999999999954525,0.01999999999999602
52,2022-10-13 10:01:45,2022-10-13 10:01:45,101.7,-101.1,2022-10-13 10:06:15,2022-10-13 10:06:15,-101.715,101.095,0.015000000000000568,0.0049999999999954525,0.01999999999999602
53,2022-10-13 10:02:00,2022-10-13 10:02:00,101.7,-101.1,2022-10-13 10:06:15,2022-10-13 10:06:15,-101.715,101.095,0.015000000000000568,0.0049999999999954525,0.01999999999999602
54,2022-10-13 10:02:15,2022-10-13 10:02:15,101.705,-101.105,2022-10-13 10:06:15,2022-10-13 10:06:15,-101.715,101.095,0.010000000000005116,0.010000000000005116,0.020000000000010232
55,2022-10-13 10:02:30,2022-10-13 10:02:30,101.705,-101.11,2022-10-13 10:06:15,2022-10-13 10:06:15,-101.715,101.095,0.010000000000005116,0.015000000000000568,0.025000000000005684
56,2022-10-13 10:02:45,2022-10-13 10:02:45,101.705,-101.11,2022-10-13 10:06:15,2022-10-13 10:06:15,-101.715,101.095,0.010000000000005116,0.015000000000000568,0.025000000000005684
57,2022-10-13 10:03:02,2022-10-13 10:03:01,101.705,-101.11,2022-10-13 10:06:15,2022-10-13 10:06:15,-101.715,101.095,0.010000000000005116,0.015000000000000568,0.025000000000005684
58,2022-10-13 10:03:15,2022-10-13 10:03:15,101.71,-101.11,2022-10-13 10:06:15,2022-10-13 10:06:15,-101.715,101.095,0.005000000000009663,0.015000000000000568,0.020000000000010232
59,2022-10-13 10:04:15,2022-10-13 10:04:15,-101.72,101.1,2022-10-13 10:06:15,2022-10-13 10:06:15,101.71,-101.1,0.010000000000005116,0.0,0.010000000000005116
60,2022-10-13 10:04:30,2022-10-13 10:04:30,-101.72,101.1,2022-10-13 10:06:15,2022-10-13 10:06:15,101.71,-101.1,0.010000000000005116,0.0,0.010000000000005116
61,2022-10-13 10:04:45,2022-10-13 10:04:45,-101.715,101.095,2022-10-13 10:06:15,2022-10-13 10:06:15,101.71,-101.1,0.005000000000009663,0.0049999999999954525,0.010000000000005116
62,2022-10-13 10:05:00,2022-10-13 10:05:00,-101.715,101.095,2022-10-13 10:06:15,2022-10-13 10:06:15,101.71,-101.1,0.005000000000009663,0.0049999999999954525,0.010000000000005116
63,2022-10-13 10:05:15,2022-10-13 10:05:15,-101.715,101.095,2022-10-13 10:06:15,2022-10-13 10:06:15,101.71,-101.1,0.005000000000009663,0.0049999999999954525,0.010000000000005116
64,2022-10-13 10:05:30,2022-10-13 10:05:30,-101.715,101.095,2022-10-13 10:06:15,2022-10-13 10:06:15,101.71,-101.1,0.005000000000009663,0.0049999999999954525,0.010000000000005116
65,2022-10-13 10:07:00,2022-10-13 10:07:00,-101.7125,101.085,2022-10-13 10:09:20,2022-10-13 10:09:20,101.71,-101.095,0.002500000000011937,0.010000000000005116,0.012500000000017053
66,2022-10-13 10:07:15,2022-10-13 10:07:15,-101.71,101.085,2022-10-13 10:09:20,2022-10-13 10:09:20,101.71,-101.095,0.0,0.010000000000005116,0.010000000000005116
67,2022-10-13 10:07:34,2022-10-13 10:07:30,-101.71,101.085,2022-10-13 10:09:20,2022-10-13 10:09:20,101.71,-101.095,0.0,0.010000000000005116,0.010000000000005116
68,2022-10-13 10:07:46,2022-10-13 10:07:45,-101.71,101.08,2022-10-13 10:09:20,2022-10-13 10:09:20,101.71,-101.095,0.0,0.015000000000000568,0.015000000000000568
69,2022-10-13 10:08:01,2022-10-13 10:08:00,-101.71,101.085,2022-10-13 10:09:20,2022-10-13 10:09:20,101.71,-101.095,0.0,0.010000000000005116,0.010000000000005116
70,2022-10-13 10:09:30,2022-10-13 10:09:30,101.705,-101.095,2022-10-13 10:11:30,2022-10-13 10:11:34,-101.72,101.1,0.015000000000000568,-0.0049999999999954525,0.010000000000005116
71,2022-10-13 10:09:45,2022-10-13 10:09:45,101.705,-101.095,2022-10-13 10:11:30,2022-10-13 10:11:34,-101.72,101.1,0.015000000000000568,-0.0049999999999954525,0.010000000000005116
72,2022-10-13 10:10:01,2022-10-13 10:10:00,101.71,-101.1,2022-10-13 10:11:30,2022-10-13 10:11:34,-101.72,101.1,0.010000000000005116,0.0,0.010000000000005116
73,2022-10-13 10:10:15,2022-10-13 10:10:16,101.715,-101.105,2022-10-13 10:11:30,2022-10-13 10:11:34,-101.72,101.1,0.0049999999999954525,0.005000000000009663,0.010000000000005116
74,2022-10-13 10:10:30,2022-10-13 10:10:31,101.71,-101.1,2022-10-13 10:11:30,2022-10-13 10:11:34,-101.72,101.1,0.010000000000005116,0.0,0.010000000000005116
75,2022-10-13 10:10:46,2022-10-13 10:10:46,101.715,-101.1,2022-10-13 10:11:30,2022-10-13 10:11:34,-101.72,101.1,0.0049999999999954525,0.0,0.0049999999999954525
76,2022-10-13 10:11:00,2022-10-13 10:11:02,101.715,-101.105,2022-10-13 10:11:30,2022-10-13 10:11:34,-101.72,101.1,0.0049999999999954525,0.005000000000009663,0.010000000000005116
77,2022-10-13 10:12:00,2022-10-13 10:12:01,-101.725,101.1,2022-10-13 10:13:15,2022-10-13 10:13:15,101.705,-101.085,0.01999999999999602,-0.015000000000000568,0.0049999999999954525
78,2022-10-13 10:12:15,2022-10-13 10:12:15,-101.73,101.105,2022-10-13 10:13:15,2022-10-13 10:13:15,101.705,-101.085,0.025000000000005684,-0.020000000000010232,0.0049999999999954525
79,2022-10-13 10:13:45,2022-10-13 10:13:45,-101.71,101.08,2022-10-13 10:15:00,2022-10-13 10:15:00,101.705,-101.09,0.0049999999999954525,0.010000000000005116,0.015000000000000568
80,2022-10-13 10:14:00,2022-10-13 10:14:00,-101.7075,101.075,2022-10-13 10:15:00,2022-10-13 10:15:00,101.705,-101.09,0.0024999999999977263,0.015000000000000568,0.017499999999998295
81,2022-10-13 10:14:15,2022-10-13 10:14:15,-101.71,101.085,2022-10-13 10:15:00,2022-10-13 10:15:00,101.705,-101.09,0.0049999999999954525,0.005000000000009663,0.010000000000005116
82,2022-10-13 10:15:15,2022-10-13 10:15:15,101.705,-101.095,2022-10-13 10:17:00,2022-10-13 10:17:00,-101.705,101.08,0.0,0.015000000000000568,0.015000000000000568
83,2022-10-13 10:15:30,2022-10-13 10:15:31,101.71,-101.1,2022-10-13 10:17:00,2022-10-13 10:17:00,-101.705,101.08,-0.0049999999999954525,0.01999999999999602,0.015000000000000568
84,2022-10-13 10:15:45,2022-10-13 10:15:48,101.705,-101.1,2022-10-13 10:17:00,2022-10-13 10:17:00,-101.705,101.08,0.0,0.01999999999999602,0.01999999999999602
85,2022-10-13 10:16:00,2022-10-13 10:16:00,101.705,-101.095,2022-10-13 10:17:00,2022-10-13 10:17:00,-101.705,101.08,0.0,0.015000000000000568,0.015000000000000568
86,2022-10-13 10:16:39,2022-10-13 10:16:32,101.705,-101.095,2022-10-13 10:17:00,2022-10-13 10:17:00,-101.705,101.08,0.0,0.015000000000000568,0.015000000000000568
87,2022-10-13 10:16:45,2022-10-13 10:16:45,101.7,-101.085,2022-10-13 10:17:00,2022-10-13 10:17:00,-101.705,101.08,0.0049999999999954525,0.0049999999999954525,0.009999999999990905
88,2022-10-13 10:17:45,2022-10-13 10:17:46,-101.72,101.1,2022-10-13 10:20:30,2022-10-13 10:20:30,101.71,-101.1,0.010000000000005116,0.0,0.010000000000005116
89,2022-10-13 10:18:30,2022-10-13 10:18:30,101.715,-101.105,2022-10-13 10:20:30,2022-10-13 10:20:30,-101.715,101.095,0.0,0.010000000000005116,0.010000000000005116
90,2022-10-13 10:18:45,2022-10-13 10:18:48,101.71,-101.1,2022-10-13 10:20:30,2022-10-13 10:20:30,-101.715,101.095,0.005000000000009663,0.0049999999999954525,0.010000000000005116
91,2022-10-13 10:19:01,2022-10-13 10:19:01,101.71,-101.1,2022-10-13 10:20:30,2022-10-13 10:20:30,-101.715,101.095,0.005000000000009663,0.0049999999999954525,0.010000000000005116
92,2022-10-13 10:19:15,2022-10-13 10:19:15,101.71,-101.1,2022-10-13 10:20:30,2022-10-13 10:20:30,-101.715,101.095,0.005000000000009663,0.0049999999999954525,0.010000000000005116
93,2022-10-13 10:21:32,2022-10-13 10:21:31,-101.715,101.09,2022-10-13 10:23:30,2022-10-13 10:23:44,101.705,-101.09,0.010000000000005116,0.0,0.010000000000005116
94,2022-10-13 10:21:45,2022-10-13 10:21:48,-101.71,101.085,2022-10-13 10:23:30,2022-10-13 10:23:44,101.705,-101.09,0.0049999999999954525,0.005000000000009663,0.010000000000005116
95,2022-10-13 10:22:01,2022-10-13 10:22:00,-101.71,101.085,2022-10-13 10:23:30,2022-10-13 10:23:44,101.705,-101.09,0.0049999999999954525,0.005000000000009663,0.010000000000005116
96,2022-10-13 10:22:17,2022-10-13 10:22:15,-101.71,101.085,2022-10-13 10:23:30,2022-10-13 10:23:44,101.705,-101.09,0.0049999999999954525,0.005000000000009663,0.010000000000005116
97,2022-10-13 10:22:40,2022-10-13 10:22:32,-101.71,101.085,2022-10-13 10:23:30,2022-10-13 10:23:44,101.705,-101.09,0.0049999999999954525,0.005000000000009663,0.010000000000005116
98,2022-10-13 10:22:46,2022-10-13 10:22:45,-101.71,101.085,2022-10-13 10:23:30,2022-10-13 10:23:44,101.705,-101.09,0.0049999999999954525,0.005000000000009663,0.010000000000005116
99,2022-10-13 10:24:30,2022-10-13 10:24:30,-101.7,101.07,2022-10-13 10:26:00,2022-10-13 10:26:00,101.7,-101.08,0.0,0.010000000000005116,0.010000000000005116
100,2022-10-13 10:24:45,2022-10-13 10:24:45,-101.7,101.07,2022-10-13 10:26:00,2022-10-13 10:26:00,101.7,-101.08,0.0,0.010000000000005116,0.010000000000005116
101,2022-10-13 10:25:00,2022-10-13 10:25:00,-101.7,101.07,2022-10-13 10:26:00,2022-10-13 10:26:00,101.7,-101.08,0.0,0.010000000000005116,0.010000000000005116
102,2022-10-13 10:25:15,2022-10-13 10:25:15,-101.7,101.07,2022-10-13 10:26:00,2022-10-13 10:26:00,101.7,-101.08,0.0,0.010000000000005116,0.010000000000005116
103,2022-10-13 10:25:30,2022-10-13 10:25:30,-101.705,101.075,2022-10-13 10:26:00,2022-10-13 10:26:00,101.7,-101.08,0.0049999999999954525,0.0049999999999954525,0.009999999999990905
104,2022-10-13 10:26:30,2022-10-13 10:26:30,101.7,-101.085,2022-10-13 10:27:31,2022-10-13 10:27:32,-101.7,101.07,0.0,0.015000000000000568,0.015000000000000568
105,2022-10-13 10:26:45,2022-10-13 10:26:49,101.7,-101.08,2022-10-13 10:27:31,2022-10-13 10:27:32,-101.7,101.07,0.0,0.010000000000005116,0.010000000000005116
106,2022-10-13 10:27:00,2022-10-13 10:27:00,101.695,-101.075,2022-10-13 10:27:31,2022-10-13 10:27:32,-101.7,101.07,0.005000000000009663,0.005000000000009663,0.010000000000019327
107,2022-10-13 10:28:01,2022-10-13 10:28:00,-101.7,101.07,2022-10-13 10:29:45,2022-10-13 10:29:50,101.71,-101.095,-0.009999999999990905,0.025000000000005684,0.01500000000001478
108,2022-10-13 10:28:15,2022-10-13 10:28:15,-101.705,101.075,2022-10-13 10:29:45,2022-10-13 10:29:50,101.71,-101.095,-0.0049999999999954525,0.01999999999999602,0.015000000000000568
109,2022-10-13 10:30:16,2022-10-13 10:30:21,101.705,-101.09,2022-10-13 10:33:16,2022-10-13 10:33:17,-101.715,101.085,0.010000000000005116,0.005000000000009663,0.01500000000001478
110,2022-10-13 10:30:30,2022-10-13 10:30:30,101.705,-101.09,2022-10-13 10:33:16,2022-10-13 10:33:17,-101.715,101.085,0.010000000000005116,0.005000000000009663,0.01500000000001478
111,2022-10-13 10:35:00,2022-10-13 10:35:00,101.7,-101.085,2022-10-13 10:36:45,2022-10-13 10:36:54,-101.7025,101.08,0.0024999999999977263,0.0049999999999954525,0.007499999999993179
112,2022-10-13 10:35:15,2022-10-13 10:35:15,101.7,-101.085,2022-10-13 10:36:45,2022-10-13 10:36:54,-101.7025,101.08,0.0024999999999977263,0.0049999999999954525,0.007499999999993179
113,2022-10-13 10:35:30,2022-10-13 10:35:30,101.695,-101.08,2022-10-13 10:36:45,2022-10-13 10:36:54,-101.7025,101.08,0.00750000000000739,0.0,0.00750000000000739
114,2022-10-13 10:36:15,2022-10-13 10:36:15,-101.705,101.08,2022-10-13 10:36:45,2022-10-13 10:36:54,101.69749999999999,-101.085,0.00750000000000739,0.0049999999999954525,0.012500000000002842
115,2022-10-13 10:37:16,2022-10-13 10:37:15,101.695,-101.085,2022-10-13 10:39:02,2022-10-13 10:39:02,-101.705,101.085,0.010000000000005116,0.0,0.010000000000005116
116,2022-10-13 10:37:32,2022-10-13 10:37:32,101.695,-101.08,2022-10-13 10:39:02,2022-10-13 10:39:02,-101.705,101.085,0.010000000000005116,-0.0049999999999954525,0.005000000000009663
117,2022-10-13 10:38:46,2022-10-13 10:38:47,-101.705,101.085,2022-10-13 10:39:02,2022-10-13 10:39:02,101.7,-101.09,0.0049999999999954525,0.005000000000009663,0.010000000000005116
118,2022-10-13 10:39:38,2022-10-13 10:39:31,101.705,-101.095,2022-10-13 10:41:30,2022-10-13 10:41:31,-101.71,101.09,0.0049999999999954525,0.0049999999999954525,0.009999999999990905
119,2022-10-13 10:40:02,2022-10-13 10:40:07,101.705,-101.095,2022-10-13 10:41:30,2022-10-13 10:41:31,-101.71,101.09,0.0049999999999954525,0.0049999999999954525,0.009999999999990905
120,2022-10-13 10:40:33,2022-10-13 10:40:30,101.7,-101.09,2022-10-13 10:41:30,2022-10-13 10:41:31,-101.71,101.09,0.009999999999990905,0.0,0.009999999999990905
121,2022-10-13 10:41:02,2022-10-13 10:41:03,101.705,-101.0925,2022-10-13 10:41:30,2022-10-13 10:41:31,-101.71,101.09,0.0049999999999954525,0.0024999999999977263,0.007499999999993179
122,2022-10-13 10:42:02,2022-10-13 10:42:02,-101.705,101.085,2022-10-13 10:51:30,2022-10-13 10:51:32,101.705,-101.09,0.0,0.005000000000009663,0.005000000000009663
123,2022-10-13 10:42:16,2022-10-13 10:42:27,-101.71,101.09,2022-10-13 10:51:30,2022-10-13 10:51:32,101.705,-101.09,0.0049999999999954525,0.0,0.0049999999999954525
124,2022-10-13 10:43:15,2022-10-13 10:43:15,101.71,-101.1,2022-10-13 10:51:30,2022-10-13 10:51:32,-101.71,101.085,0.0,0.015000000000000568,0.015000000000000568
125,2022-10-13 10:43:30,2022-10-13 10:43:30,101.71,-101.1,2022-10-13 10:51:30,2022-10-13 10:51:32,-101.71,101.085,0.0,0.015000000000000568,0.015000000000000568
126,2022-10-13 10:44:17,2022-10-13 10:44:15,-101.715,101.09,2022-10-13 10:51:30,2022-10-13 10:51:32,101.705,-101.09,0.010000000000005116,0.0,0.010000000000005116
127,2022-10-13 10:44:30,2022-10-13 10:44:30,-101.715,101.095,2022-10-13 10:51:30,2022-10-13 10:51:32,101.705,-101.09,0.010000000000005116,-0.0049999999999954525,0.005000000000009663
128,2022-10-13 10:44:47,2022-10-13 10:44:46,-101.72,101.095,2022-10-13 10:51:30,2022-10-13 10:51:32,101.705,-101.09,0.015000000000000568,-0.0049999999999954525,0.010000000000005116
129,2022-10-13 10:45:00,2022-10-13 10:45:00,-101.715,101.095,2022-10-13 10:51:30,2022-10-13 10:51:32,101.705,-101.09,0.010000000000005116,-0.0049999999999954525,0.005000000000009663
130,2022-10-13 10:45:46,2022-10-13 10:45:45,101.71,-101.1,2022-10-13 10:51:30,2022-10-13 10:51:32,-101.71,101.085,0.0,0.015000000000000568,0.015000000000000568
131,2022-10-13 10:46:01,2022-10-13 10:46:01,101.705,-101.1,2022-10-13 10:51:30,2022-10-13 10:51:32,-101.71,101.085,0.0049999999999954525,0.015000000000000568,0.01999999999999602
132,2022-10-13 10:46:15,2022-10-13 10:46:15,101.705,-101.095,2022-10-13 10:51:30,2022-10-13 10:51:32,-101.71,101.085,0.0049999999999954525,0.010000000000005116,0.015000000000000568
133,2022-10-13 10:47:16,2022-10-13 10:47:15,-101.71,101.08,2022-10-13 10:51:30,2022-10-13 10:51:32,101.705,-101.09,0.0049999999999954525,0.010000000000005116,0.015000000000000568
134,2022-10-13 10:47:30,2022-10-13 10:47:31,-101.705,101.08,2022-10-13 10:51:30,2022-10-13 10:51:32,101.705,-101.09,0.0,0.010000000000005116,0.010000000000005116
135,2022-10-13 10:47:46,2022-10-13 10:47:45,-101.71,101.08,2022-10-13 10:51:30,2022-10-13 10:51:32,101.705,-101.09,0.0049999999999954525,0.010000000000005116,0.015000000000000568
136,2022-10-13 10:48:00,2022-10-13 10:48:01,-101.71,101.085,2022-10-13 10:51:30,2022-10-13 10:51:32,101.705,-101.09,0.0049999999999954525,0.005000000000009663,0.010000000000005116
137,2022-10-13 10:50:16,2022-10-13 10:50:15,101.71,-101.1,2022-10-13 10:51:30,2022-10-13 10:51:32,-101.71,101.085,0.0,0.015000000000000568,0.015000000000000568
138,2022-10-13 10:50:31,2022-10-13 10:50:33,101.71,-101.1,2022-10-13 10:51:30,2022-10-13 10:51:32,-101.71,101.085,0.0,0.015000000000000568,0.015000000000000568
139,2022-10-13 10:50:48,2022-10-13 10:50:45,101.71,-101.1,2022-10-13 10:51:30,2022-10-13 10:51:32,-101.71,101.085,0.0,0.015000000000000568,0.015000000000000568
140,2022-10-13 10:53:00,2022-10-13 10:53:00,101.725,-101.125,2022-10-13 10:55:45,2022-10-13 10:55:45,-101.725,101.105,0.0,0.01999999999999602,0.01999999999999602
141,2022-10-13 10:53:15,2022-10-13 10:53:15,101.725,-101.12,2022-10-13 10:55:45,2022-10-13 10:55:45,-101.725,101.105,0.0,0.015000000000000568,0.015000000000000568
142,2022-10-13 10:53:30,2022-10-13 10:53:30,101.72,-101.115,2022-10-13 10:55:45,2022-10-13 10:55:45,-101.725,101.105,0.0049999999999954525,0.009999999999990905,0.014999999999986358
143,2022-10-13 10:54:30,2022-10-13 10:54:30,-101.725,101.105,2022-10-13 10:55:45,2022-10-13 10:55:45,101.72,-101.11,0.0049999999999954525,0.0049999999999954525,0.009999999999990905
144,2022-10-13 10:54:45,2022-10-13 10:54:46,-101.725,101.11,2022-10-13 10:55:45,2022-10-13 10:55:45,101.72,-101.11,0.0049999999999954525,0.0,0.0049999999999954525
145,2022-10-13 10:55:00,2022-10-13 10:55:00,-101.72,101.105,2022-10-13 10:55:45,2022-10-13 10:55:45,101.72,-101.11,0.0,0.0049999999999954525,0.0049999999999954525
146,2022-10-13 10:55:16,2022-10-13 10:55:15,-101.72,101.1,2022-10-13 10:55:45,2022-10-13 10:55:45,101.72,-101.11,0.0,0.010000000000005116,0.010000000000005116
147,2022-10-13 10:59:15,2022-10-13 10:59:15,101.725,-101.12,2022-10-13 11:00:00,2022-10-13 11:00:00,-101.725,101.1,0.0,0.020000000000010232,0.020000000000010232
148,2022-10-13 10:59:30,2022-10-13 10:59:30,101.72,-101.11,2022-10-13 11:00:00,2022-10-13 11:00:00,-101.725,101.1,0.0049999999999954525,0.010000000000005116,0.015000000000000568
149,2022-10-13 10:59:45,2022-10-13 10:59:46,101.72,-101.11,2022-10-13 11:00:00,2022-10-13 11:00:00,-101.725,101.1,0.0049999999999954525,0.010000000000005116,0.015000000000000568
150,2022-10-13 11:00:30,2022-10-13 11:00:30,-101.725,101.105,2022-10-13 11:03:15,2022-10-13 11:03:16,101.725,-101.11,0.0,0.0049999999999954525,0.0049999999999954525
151,2022-10-13 11:00:45,2022-10-13 11:00:45,-101.73,101.11,2022-10-13 11:03:15,2022-10-13 11:03:16,101.725,-101.11,0.005000000000009663,0.0,0.005000000000009663
152,2022-10-13 11:01:00,2022-10-13 11:01:00,-101.725,101.105,2022-10-13 11:03:15,2022-10-13 11:03:16,101.725,-101.11,0.0,0.0049999999999954525,0.0049999999999954525
153,2022-10-13 11:02:00,2022-10-13 11:02:00,-101.725,101.1,2022-10-13 11:03:15,2022-10-13 11:03:16,101.725,-101.11,0.0,0.010000000000005116,0.010000000000005116
154,2022-10-13 11:02:29,2022-10-13 11:02:19,-101.725,101.1,2022-10-13 11:03:15,2022-10-13 11:03:16,101.725,-101.11,0.0,0.010000000000005116,0.010000000000005116
155,2022-10-13 11:02:30,2022-10-13 11:02:30,-101.73,101.105,2022-10-13 11:03:15,2022-10-13 11:03:16,101.725,-101.11,0.005000000000009663,0.0049999999999954525,0.010000000000005116
156,2022-10-13 11:02:45,2022-10-13 11:02:45,-101.73,101.105,2022-10-13 11:03:15,2022-10-13 11:03:16,101.725,-101.11,0.005000000000009663,0.0049999999999954525,0.010000000000005116
157,2022-10-13 11:04:45,2022-10-13 11:04:46,101.73,-101.125,2022-10-13 11:08:01,2022-10-13 11:08:00,-101.725,101.1,-0.005000000000009663,0.025000000000005684,0.01999999999999602
158,2022-10-13 11:05:01,2022-10-13 11:05:00,101.73,-101.12,2022-10-13 11:08:01,2022-10-13 11:08:00,-101.725,101.1,-0.005000000000009663,0.020000000000010232,0.015000000000000568
159,2022-10-13 11:05:23,2022-10-13 11:05:23,101.725,-101.115,2022-10-13 11:08:01,2022-10-13 11:08:00,-101.725,101.1,0.0,0.015000000000000568,0.015000000000000568
160,2022-10-13 11:05:30,2022-10-13 11:05:30,101.73,-101.12,2022-10-13 11:08:01,2022-10-13 11:08:00,-101.725,101.1,-0.005000000000009663,0.020000000000010232,0.015000000000000568
161,2022-10-13 11:05:46,2022-10-13 11:05:46,101.72749999999999,-101.115,2022-10-13 11:08:01,2022-10-13 11:08:00,-101.725,101.1,-0.0024999999999977263,0.015000000000000568,0.012500000000002842
162,2022-10-13 11:06:15,2022-10-13 11:06:20,-101.735,101.11,2022-10-13 11:08:01,2022-10-13 11:08:00,101.72,-101.105,0.015000000000000568,-0.0049999999999954525,0.010000000000005116
163,2022-10-13 11:06:30,2022-10-13 11:06:35,-101.735,101.11,2022-10-13 11:08:01,2022-10-13 11:08:00,101.72,-101.105,0.015000000000000568,-0.0049999999999954525,0.010000000000005116
164,2022-10-13 11:06:50,2022-10-13 11:06:50,-101.735,101.11,2022-10-13 11:08:01,2022-10-13 11:08:00,101.72,-101.105,0.015000000000000568,-0.0049999999999954525,0.010000000000005116
165,2022-10-13 11:07:01,2022-10-13 11:07:01,-101.73,101.11,2022-10-13 11:08:01,2022-10-13 11:08:00,101.72,-101.105,0.010000000000005116,-0.0049999999999954525,0.005000000000009663
166,2022-10-13 11:07:17,2022-10-13 11:07:15,-101.73,101.105,2022-10-13 11:08:01,2022-10-13 11:08:00,101.72,-101.105,0.010000000000005116,0.0,0.010000000000005116
167,2022-10-13 11:10:20,2022-10-13 11:10:15,101.72,-101.11,2022-10-13 11:15:00,2022-10-13 11:15:00,-101.71,101.085,-0.010000000000005116,0.025000000000005684,0.015000000000000568
168,2022-10-13 11:10:32,2022-10-13 11:10:30,101.7225,-101.11,2022-10-13 11:15:00,2022-10-13 11:15:00,-101.71,101.085,-0.012500000000002842,0.025000000000005684,0.012500000000002842
169,2022-10-13 11:10:45,2022-10-13 11:10:45,101.72,-101.11,2022-10-13 11:15:00,2022-10-13 11:15:00,-101.71,101.085,-0.010000000000005116,0.025000000000005684,0.015000000000000568
170,2022-10-13 11:11:01,2022-10-13 11:11:00,101.72,-101.11,2022-10-13 11:15:00,2022-10-13 11:15:00,-101.71,101.085,-0.010000000000005116,0.025000000000005684,0.015000000000000568
171,2022-10-13 11:11:45,2022-10-13 11:11:48,-101.71,101.08,2022-10-13 11:15:00,2022-10-13 11:15:00,101.705,-101.09,0.0049999999999954525,0.010000000000005116,0.015000000000000568
172,2022-10-13 11:12:00,2022-10-13 11:12:00,-101.715,101.085,2022-10-13 11:15:00,2022-10-13 11:15:00,101.705,-101.09,0.010000000000005116,0.005000000000009663,0.01500000000001478
173,2022-10-13 11:12:16,2022-10-13 11:12:16,-101.715,101.09,2022-10-13 11:15:00,2022-10-13 11:15:00,101.705,-101.09,0.010000000000005116,0.0,0.010000000000005116
174,2022-10-13 11:12:45,2022-10-13 11:12:45,-101.715,101.09,2022-10-13 11:15:00,2022-10-13 11:15:00,101.705,-101.09,0.010000000000005116,0.0,0.010000000000005116
175,2022-10-13 11:16:00,2022-10-13 11:16:01,-101.715,101.09,2022-10-13 11:16:46,2022-10-13 11:16:45,101.71,-101.095,0.005000000000009663,0.0049999999999954525,0.010000000000005116
176,2022-10-13 11:17:25,2022-10-13 11:17:17,101.715,-101.1,2022-10-13 11:19:30,2022-10-13 11:19:30,-101.705,101.075,-0.010000000000005116,0.024999999999991473,0.014999999999986358
177,2022-10-13 11:17:30,2022-10-13 11:17:30,101.715,-101.1,2022-10-13 11:19:30,2022-10-13 11:19:30,-101.705,101.075,-0.010000000000005116,0.024999999999991473,0.014999999999986358
178,2022-10-13 11:17:48,2022-10-13 11:17:53,101.71,-101.095,2022-10-13 11:19:30,2022-10-13 11:19:30,-101.705,101.075,-0.0049999999999954525,0.01999999999999602,0.015000000000000568
179,2022-10-13 11:18:33,2022-10-13 11:18:40,-101.71,101.085,2022-10-13 11:19:30,2022-10-13 11:19:30,101.7,-101.08,0.009999999999990905,-0.0049999999999954525,0.0049999999999954525
180,2022-10-13 11:18:49,2022-10-13 11:18:45,-101.715,101.085,2022-10-13 11:19:30,2022-10-13 11:19:30,101.7,-101.08,0.015000000000000568,-0.0049999999999954525,0.010000000000005116
181,2022-10-13 11:19:00,2022-10-13 11:19:00,-101.71,101.085,2022-10-13 11:19:30,2022-10-13 11:19:30,101.7,-101.08,0.009999999999990905,-0.0049999999999954525,0.0049999999999954525
182,2022-10-13 11:20:51,2022-10-13 11:20:45,-101.71,101.085,2022-10-13 11:21:33,2022-10-13 11:21:32,101.7,-101.085,0.009999999999990905,0.0,0.009999999999990905
183,2022-10-13 11:22:50,2022-10-13 11:22:45,101.7,-101.085,2022-10-13 11:23:34,2022-10-13 11:23:34,-101.705,101.08,0.0049999999999954525,0.0049999999999954525,0.009999999999990905
184,2022-10-13 11:24:31,2022-10-13 11:24:32,-101.705,101.08,2022-10-13 11:25:18,2022-10-13 11:25:16,101.7,-101.085,0.0049999999999954525,0.0049999999999954525,0.009999999999990905
185,2022-10-13 11:26:48,2022-10-13 11:26:46,101.705,-101.095,2022-10-13 13:00:30,2022-10-13 13:00:30,-101.705,101.075,0.0,0.01999999999999602,0.01999999999999602
186,2022-10-13 11:27:01,2022-10-13 11:27:00,101.705,-101.09,2022-10-13 13:00:30,2022-10-13 13:00:30,-101.705,101.075,0.0,0.015000000000000568,0.015000000000000568
187,2022-10-13 11:27:31,2022-10-13 11:27:41,101.705,-101.095,2022-10-13 13:00:30,2022-10-13 13:00:30,-101.705,101.075,0.0,0.01999999999999602,0.01999999999999602
188,2022-10-13 11:27:45,2022-10-13 11:27:45,101.7,-101.09,2022-10-13 13:00:30,2022-10-13 13:00:30,-101.705,101.075,0.0049999999999954525,0.015000000000000568,0.01999999999999602
189,2022-10-13 11:28:45,2022-10-13 11:28:45,-101.7,101.07,2022-10-13 13:00:30,2022-10-13 13:00:30,101.7,-101.08,0.0,0.010000000000005116,0.010000000000005116
190,2022-10-13 11:29:00,2022-10-13 11:29:00,-101.7,101.065,2022-10-13 13:00:30,2022-10-13 13:00:30,101.7,-101.08,0.0,0.015000000000000568,0.015000000000000568
191,2022-10-13 11:29:15,2022-10-13 11:29:15,-101.7,101.065,2022-10-13 13:00:30,2022-10-13 13:00:30,101.7,-101.08,0.0,0.015000000000000568,0.015000000000000568
192,2022-10-13 11:29:30,2022-10-13 11:29:30,-101.7,101.065,2022-10-13 13:00:30,2022-10-13 13:00:30,101.7,-101.08,0.0,0.015000000000000568,0.015000000000000568
193,2022-10-13 11:29:52,2022-10-13 11:29:47,-101.7,101.065,2022-10-13 13:00:30,2022-10-13 13:00:30,101.7,-101.08,0.0,0.015000000000000568,0.015000000000000568
194,2022-10-13 13:00:00,2022-10-13 13:00:00,-101.705,101.07,2022-10-13 13:00:30,2022-10-13 13:00:30,101.7,-101.08,0.0049999999999954525,0.010000000000005116,0.015000000000000568
195,2022-10-13 13:00:15,2022-10-13 13:00:15,-101.705,101.075,2022-10-13 13:00:30,2022-10-13 13:00:30,101.7,-101.08,0.0049999999999954525,0.0049999999999954525,0.009999999999990905
196,2022-10-13 13:01:02,2022-10-13 13:01:01,101.7,-101.08,2022-10-13 13:02:00,2022-10-13 13:02:00,-101.705,101.075,0.0049999999999954525,0.0049999999999954525,0.009999999999990905
197,2022-10-13 13:01:16,2022-10-13 13:01:16,101.705,-101.085,2022-10-13 13:02:00,2022-10-13 13:02:00,-101.705,101.075,0.0,0.009999999999990905,0.009999999999990905
198,2022-10-13 13:01:30,2022-10-13 13:01:30,101.71,-101.095,2022-10-13 13:02:00,2022-10-13 13:02:00,-101.705,101.075,-0.0049999999999954525,0.01999999999999602,0.015000000000000568
199,2022-10-13 13:04:51,2022-10-13 13:04:46,-101.695,101.065,2022-10-13 13:06:45,2022-10-13 13:06:45,101.685,-101.065,0.009999999999990905,0.0,0.009999999999990905
200,2022-10-13 13:05:00,2022-10-13 13:05:00,-101.695,101.065,2022-10-13 13:06:45,2022-10-13 13:06:45,101.685,-101.065,0.009999999999990905,0.0,0.009999999999990905
201,2022-10-13 13:05:15,2022-10-13 13:05:21,-101.7,101.07,2022-10-13 13:06:45,2022-10-13 13:06:45,101.685,-101.065,0.015000000000000568,-0.0049999999999954525,0.010000000000005116
202,2022-10-13 13:06:15,2022-10-13 13:06:15,101.685,-101.065,2022-10-13 13:06:45,2022-10-13 13:06:45,-101.69,101.06,0.0049999999999954525,0.0049999999999954525,0.009999999999990905
203,2022-10-13 13:10:20,2022-10-13 13:10:16,-101.7,101.07,2022-10-13 13:11:15,2022-10-13 13:11:15,101.69,-101.065,0.010000000000005116,-0.0049999999999954525,0.005000000000009663
204,2022-10-13 13:10:30,2022-10-13 13:10:30,-101.7,101.07,2022-10-13 13:11:15,2022-10-13 13:11:15,101.69,-101.065,0.010000000000005116,-0.0049999999999954525,0.005000000000009663
205,2022-10-13 13:13:47,2022-10-13 13:13:45,-101.695,101.06,2022-10-13 13:19:47,2022-10-13 13:19:49,101.685,-101.065,0.009999999999990905,0.0049999999999954525,0.014999999999986358
206,2022-10-13 13:14:01,2022-10-13 13:14:00,-101.695,101.06,2022-10-13 13:19:47,2022-10-13 13:19:49,101.685,-101.065,0.009999999999990905,0.0049999999999954525,0.014999999999986358
207,2022-10-13 13:14:30,2022-10-13 13:14:30,-101.695,101.055,2022-10-13 13:19:47,2022-10-13 13:19:49,101.685,-101.065,0.009999999999990905,0.009999999999990905,0.01999999999998181
208,2022-10-13 13:14:51,2022-10-13 13:14:47,-101.69,101.055,2022-10-13 13:19:47,2022-10-13 13:19:49,101.685,-101.065,0.0049999999999954525,0.009999999999990905,0.014999999999986358
209,2022-10-13 13:15:15,2022-10-13 13:15:15,-101.69,101.055,2022-10-13 13:19:47,2022-10-13 13:19:49,101.685,-101.065,0.0049999999999954525,0.009999999999990905,0.014999999999986358
210,2022-10-13 13:15:30,2022-10-13 13:15:30,-101.695,101.06,2022-10-13 13:19:47,2022-10-13 13:19:49,101.685,-101.065,0.009999999999990905,0.0049999999999954525,0.014999999999986358
211,2022-10-13 13:16:21,2022-10-13 13:16:15,101.685,-101.06,2022-10-13 13:19:47,2022-10-13 13:19:49,-101.69,101.06,0.0049999999999954525,0.0,0.0049999999999954525
212,2022-10-13 13:16:55,2022-10-13 13:16:50,101.685,-101.06,2022-10-13 13:19:47,2022-10-13 13:19:49,-101.69,101.06,0.0049999999999954525,0.0,0.0049999999999954525
213,2022-10-13 13:17:11,2022-10-13 13:17:01,101.685,-101.06,2022-10-13 13:19:47,2022-10-13 13:19:49,-101.69,101.06,0.0049999999999954525,0.0,0.0049999999999954525
214,2022-10-13 13:18:45,2022-10-13 13:18:48,101.69,-101.07,2022-10-13 13:19:47,2022-10-13 13:19:49,-101.69,101.06,0.0,0.009999999999990905,0.009999999999990905
215,2022-10-13 13:19:01,2022-10-13 13:19:05,101.69,-101.07,2022-10-13 13:19:47,2022-10-13 13:19:49,-101.69,101.06,0.0,0.009999999999990905,0.009999999999990905
216,2022-10-13 13:19:15,2022-10-13 13:19:16,101.69,-101.07,2022-10-13 13:19:47,2022-10-13 13:19:49,-101.69,101.06,0.0,0.009999999999990905,0.009999999999990905
217,2022-10-13 13:20:20,2022-10-13 13:20:15,-101.69,101.055,2022-10-13 13:24:38,2022-10-13 13:24:33,101.685,-101.065,0.0049999999999954525,0.009999999999990905,0.014999999999986358
218,2022-10-13 13:20:30,2022-10-13 13:20:30,-101.685,101.05,2022-10-13 13:24:38,2022-10-13 13:24:33,101.685,-101.065,0.0,0.015000000000000568,0.015000000000000568
219,2022-10-13 13:21:00,2022-10-13 13:21:00,-101.69,101.055,2022-10-13 13:24:38,2022-10-13 13:24:33,101.685,-101.065,0.0049999999999954525,0.009999999999990905,0.014999999999986358
220,2022-10-13 13:21:30,2022-10-13 13:21:33,-101.69,101.055,2022-10-13 13:24:38,2022-10-13 13:24:33,101.685,-101.065,0.0049999999999954525,0.009999999999990905,0.014999999999986358
221,2022-10-13 13:22:00,2022-10-13 13:22:00,-101.69,101.055,2022-10-13 13:24:38,2022-10-13 13:24:33,101.685,-101.065,0.0049999999999954525,0.009999999999990905,0.014999999999986358
222,2022-10-13 13:23:16,2022-10-13 13:23:15,101.69,-101.07,2022-10-13 13:24:38,2022-10-13 13:24:33,-101.69,101.06,0.0,0.009999999999990905,0.009999999999990905
223,2022-10-13 13:23:43,2022-10-13 13:23:30,101.69,-101.07,2022-10-13 13:24:38,2022-10-13 13:24:33,-101.69,101.06,0.0,0.009999999999990905,0.009999999999990905
224,2022-10-13 13:23:51,2022-10-13 13:23:48,101.69,-101.07,2022-10-13 13:24:38,2022-10-13 13:24:33,-101.69,101.06,0.0,0.009999999999990905,0.009999999999990905
225,2022-10-13 13:26:15,2022-10-13 13:26:15,-101.685,101.05,2022-10-13 13:28:32,2022-10-13 13:28:34,101.68,-101.05,0.0049999999999954525,0.0,0.0049999999999954525
226,2022-10-13 13:26:34,2022-10-13 13:26:30,-101.685,101.05,2022-10-13 13:28:32,2022-10-13 13:28:34,101.68,-101.05,0.0049999999999954525,0.0,0.0049999999999954525
227,2022-10-13 13:26:45,2022-10-13 13:26:45,-101.68,101.04,2022-10-13 13:28:32,2022-10-13 13:28:34,101.68,-101.05,0.0,0.009999999999990905,0.009999999999990905
228,2022-10-13 13:27:00,2022-10-13 13:27:00,-101.685,101.045,2022-10-13 13:28:32,2022-10-13 13:28:34,101.68,-101.05,0.0049999999999954525,0.0049999999999954525,0.009999999999990905
229,2022-10-13 13:27:52,2022-10-13 13:27:45,-101.685,101.045,2022-10-13 13:28:32,2022-10-13 13:28:34,101.68,-101.05,0.0049999999999954525,0.0049999999999954525,0.009999999999990905
230,2022-10-13 13:29:54,2022-10-13 13:29:45,-101.685,101.045,2022-10-13 13:32:18,2022-10-13 13:32:16,101.68,-101.05,0.0049999999999954525,0.0049999999999954525,0.009999999999990905
231,2022-10-13 13:30:15,2022-10-13 13:30:15,-101.685,101.045,2022-10-13 13:32:18,2022-10-13 13:32:16,101.68,-101.05,0.0049999999999954525,0.0049999999999954525,0.009999999999990905
232,2022-10-13 13:30:30,2022-10-13 13:30:30,-101.685,101.0425,2022-10-13 13:32:18,2022-10-13 13:32:16,101.68,-101.05,0.0049999999999954525,0.007499999999993179,0.012499999999988631
233,2022-10-13 13:31:00,2022-10-13 13:31:00,-101.685,101.05,2022-10-13 13:32:18,2022-10-13 13:32:16,101.68,-101.05,0.0049999999999954525,0.0,0.0049999999999954525
234,2022-10-13 13:32:45,2022-10-13 13:32:45,101.685,-101.06,2022-10-13 13:34:02,2022-10-13 13:34:02,-101.69,101.055,0.0049999999999954525,0.0049999999999954525,0.009999999999990905
235,2022-10-13 13:33:02,2022-10-13 13:33:01,101.68,-101.055,2022-10-13 13:34:02,2022-10-13 13:34:02,-101.69,101.055,0.009999999999990905,0.0,0.009999999999990905
236,2022-10-13 13:34:24,2022-10-13 13:34:15,-101.69,101.055,2022-10-13 13:35:30,2022-10-13 13:35:30,101.685,-101.06,0.0049999999999954525,0.0049999999999954525,0.009999999999990905
237,2022-10-13 13:34:31,2022-10-13 13:34:30,-101.69,101.05,2022-10-13 13:35:30,2022-10-13 13:35:30,101.685,-101.06,0.0049999999999954525,0.010000000000005116,0.015000000000000568
238,2022-10-13 13:36:15,2022-10-13 13:36:15,101.69,-101.065,2022-10-13 13:38:31,2022-10-13 13:38:32,-101.7,101.065,0.010000000000005116,0.0,0.010000000000005116
239,2022-10-13 13:36:45,2022-10-13 13:36:45,101.695,-101.065,2022-10-13 13:38:31,2022-10-13 13:38:32,-101.7,101.065,0.005000000000009663,0.0,0.005000000000009663
240,2022-10-13 13:37:00,2022-10-13 13:37:00,101.69,-101.065,2022-10-13 13:38:31,2022-10-13 13:38:32,-101.7,101.065,0.010000000000005116,0.0,0.010000000000005116
241,2022-10-13 13:37:19,2022-10-13 13:37:16,101.69,-101.06,2022-10-13 13:38:31,2022-10-13 13:38:32,-101.7,101.065,0.010000000000005116,-0.0049999999999954525,0.005000000000009663
242,2022-10-13 13:37:36,2022-10-13 13:37:31,101.69,-101.065,2022-10-13 13:38:31,2022-10-13 13:38:32,-101.7,101.065,0.010000000000005116,0.0,0.010000000000005116
243,2022-10-13 13:42:15,2022-10-13 13:42:16,-101.695,101.055,2022-10-13 13:44:01,2022-10-13 13:44:01,101.695,-101.075,0.0,0.01999999999999602,0.01999999999999602
244,2022-10-13 13:42:34,2022-10-13 13:42:31,-101.695,101.055,2022-10-13 13:44:01,2022-10-13 13:44:01,101.695,-101.075,0.0,0.01999999999999602,0.01999999999999602
245,2022-10-13 13:42:52,2022-10-13 13:42:46,-101.695,101.0575,2022-10-13 13:44:01,2022-10-13 13:44:01,101.695,-101.075,0.0,0.017499999999998295,0.017499999999998295
246,2022-10-13 13:43:32,2022-10-13 13:43:32,-101.695,101.06,2022-10-13 13:44:01,2022-10-13 13:44:01,101.695,-101.075,0.0,0.015000000000000568,0.015000000000000568
247,2022-10-13 13:44:30,2022-10-13 13:44:30,101.7025,-101.09,2022-10-13 13:57:02,2022-10-13 13:57:00,-101.715,101.095,0.012500000000002842,-0.0049999999999954525,0.00750000000000739
248,2022-10-13 13:44:45,2022-10-13 13:44:46,101.705,-101.09,2022-10-13 13:57:02,2022-10-13 13:57:00,-101.715,101.095,0.010000000000005116,-0.0049999999999954525,0.005000000000009663
249,2022-10-13 13:45:00,2022-10-13 13:45:00,101.71,-101.09,2022-10-13 13:57:02,2022-10-13 13:57:00,-101.715,101.095,0.005000000000009663,-0.0049999999999954525,1.4210854715202004e-14
250,2022-10-13 13:45:22,2022-10-13 13:45:22,101.71,-101.09,2022-10-13 13:57:02,2022-10-13 13:57:00,-101.715,101.095,0.005000000000009663,-0.0049999999999954525,1.4210854715202004e-14
251,2022-10-13 13:46:20,2022-10-13 13:46:25,-101.715,101.075,2022-10-13 13:57:02,2022-10-13 13:57:00,101.71,-101.1,0.005000000000009663,0.024999999999991473,0.030000000000001137
252,2022-10-13 13:46:30,2022-10-13 13:46:30,-101.715,101.0775,2022-10-13 13:57:02,2022-10-13 13:57:00,101.71,-101.1,0.005000000000009663,0.022499999999993747,0.02750000000000341
253,2022-10-13 13:46:47,2022-10-13 13:46:45,-101.715,101.08,2022-10-13 13:57:02,2022-10-13 13:57:00,101.71,-101.1,0.005000000000009663,0.01999999999999602,0.025000000000005684
254,2022-10-13 13:49:30,2022-10-13 13:49:30,101.71,-101.09,2022-10-13 13:57:02,2022-10-13 13:57:00,-101.715,101.095,0.005000000000009663,-0.0049999999999954525,1.4210854715202004e-14
255,2022-10-13 13:49:46,2022-10-13 13:49:46,101.71,-101.09,2022-10-13 13:57:02,2022-10-13 13:57:00,-101.715,101.095,0.005000000000009663,-0.0049999999999954525,1.4210854715202004e-14
256,2022-10-13 13:50:01,2022-10-13 13:50:00,101.71,-101.09,2022-10-13 13:57:02,2022-10-13 13:57:00,-101.715,101.095,0.005000000000009663,-0.0049999999999954525,1.4210854715202004e-14
257,2022-10-13 13:50:28,2022-10-13 13:50:28,101.71,-101.09,2022-10-13 13:57:02,2022-10-13 13:57:00,-101.715,101.095,0.005000000000009663,-0.0049999999999954525,1.4210854715202004e-14
258,2022-10-13 13:50:31,2022-10-13 13:50:30,101.71,-101.095,2022-10-13 13:57:02,2022-10-13 13:57:00,-101.715,101.095,0.005000000000009663,0.0,0.005000000000009663
259,2022-10-13 13:50:45,2022-10-13 13:50:45,101.71,-101.095,2022-10-13 13:57:02,2022-10-13 13:57:00,-101.715,101.095,0.005000000000009663,0.0,0.005000000000009663
260,2022-10-13 13:52:00,2022-10-13 13:52:00,101.71,-101.1,2022-10-13 13:57:02,2022-10-13 13:57:00,-101.715,101.095,0.005000000000009663,0.0049999999999954525,0.010000000000005116
261,2022-10-13 13:52:15,2022-10-13 13:52:15,101.71,-101.1,2022-10-13 13:57:02,2022-10-13 13:57:00,-101.715,101.095,0.005000000000009663,0.0049999999999954525,0.010000000000005116
262,2022-10-13 13:52:32,2022-10-13 13:52:34,101.71,-101.1,2022-10-13 13:57:02,2022-10-13 13:57:00,-101.715,101.095,0.005000000000009663,0.0049999999999954525,0.010000000000005116
263,2022-10-13 13:52:45,2022-10-13 13:52:48,101.71,-101.1,2022-10-13 13:57:02,2022-10-13 13:57:00,-101.715,101.095,0.005000000000009663,0.0049999999999954525,0.010000000000005116
264,2022-10-13 13:55:15,2022-10-13 13:55:15,101.715,-101.105,2022-10-13 13:57:02,2022-10-13 13:57:00,-101.715,101.095,0.0,0.010000000000005116,0.010000000000005116
265,2022-10-13 13:55:31,2022-10-13 13:55:30,101.71,-101.105,2022-10-13 13:57:02,2022-10-13 13:57:00,-101.715,101.095,0.005000000000009663,0.010000000000005116,0.01500000000001478
266,2022-10-13 13:55:45,2022-10-13 13:55:46,101.71,-101.1,2022-10-13 13:57:02,2022-10-13 13:57:00,-101.715,101.095,0.005000000000009663,0.0049999999999954525,0.010000000000005116
267,2022-10-13 13:58:15,2022-10-13 13:58:15,101.72,-101.115,2022-10-13 14:00:45,2022-10-13 14:00:45,-101.72,101.105,0.0,0.009999999999990905,0.009999999999990905
268,2022-10-13 13:58:31,2022-10-13 13:58:30,101.72,-101.115,2022-10-13 14:00:45,2022-10-13 14:00:45,-101.72,101.105,0.0,0.009999999999990905,0.009999999999990905
269,2022-10-13 13:58:45,2022-10-13 13:58:45,101.72,-101.115,2022-10-13 14:00:45,2022-10-13 14:00:45,-101.72,101.105,0.0,0.009999999999990905,0.009999999999990905
270,2022-10-13 13:59:02,2022-10-13 13:59:00,101.72,-101.12,2022-10-13 14:00:45,2022-10-13 14:00:45,-101.72,101.105,0.0,0.015000000000000568,0.015000000000000568
271,2022-10-13 13:59:45,2022-10-13 13:59:45,101.72,-101.115,2022-10-13 14:00:45,2022-10-13 14:00:45,-101.72,101.105,0.0,0.009999999999990905,0.009999999999990905
272,2022-10-13 14:00:01,2022-10-13 14:00:00,101.715,-101.11,2022-10-13 14:00:45,2022-10-13 14:00:45,-101.72,101.105,0.0049999999999954525,0.0049999999999954525,0.009999999999990905
273,2022-10-13 14:00:15,2022-10-13 14:00:15,101.72,-101.115,2022-10-13 14:00:45,2022-10-13 14:00:45,-101.72,101.105,0.0,0.009999999999990905,0.009999999999990905
274,2022-10-13 14:01:52,2022-10-13 14:01:46,-101.725,101.11,2022-10-13 14:02:45,2022-10-13 14:02:45,101.71,-101.105,0.015000000000000568,-0.0049999999999954525,0.010000000000005116
275,2022-10-13 14:02:00,2022-10-13 14:02:00,-101.72,101.105,2022-10-13 14:02:45,2022-10-13 14:02:45,101.71,-101.105,0.010000000000005116,0.0,0.010000000000005116
276,2022-10-13 14:02:23,2022-10-13 14:02:15,-101.715,101.1,2022-10-13 14:02:45,2022-10-13 14:02:45,101.71,-101.105,0.005000000000009663,0.005000000000009663,0.010000000000019327
277,2022-10-13 14:03:31,2022-10-13 14:03:31,101.71,-101.1,2022-10-13 14:04:00,2022-10-13 14:04:00,-101.715,101.095,0.005000000000009663,0.0049999999999954525,0.010000000000005116
278,2022-10-13 14:03:45,2022-10-13 14:03:45,101.71,-101.105,2022-10-13 14:04:00,2022-10-13 14:04:00,-101.715,101.095,0.005000000000009663,0.010000000000005116,0.01500000000001478
279,2022-10-13 14:04:31,2022-10-13 14:04:30,-101.715,101.095,2022-10-13 14:05:37,2022-10-13 14:05:35,101.71,-101.105,0.005000000000009663,0.010000000000005116,0.01500000000001478
280,2022-10-13 14:04:45,2022-10-13 14:04:45,-101.715,101.095,2022-10-13 14:05:37,2022-10-13 14:05:35,101.71,-101.105,0.005000000000009663,0.010000000000005116,0.01500000000001478
281,2022-10-13 14:05:05,2022-10-13 14:05:00,-101.715,101.1,2022-10-13 14:05:37,2022-10-13 14:05:35,101.71,-101.105,0.005000000000009663,0.005000000000009663,0.010000000000019327
282,2022-10-13 14:06:03,2022-10-13 14:06:00,101.71,-101.105,2022-10-13 14:10:30,2022-10-13 14:10:32,-101.72,101.11,0.010000000000005116,-0.0049999999999954525,0.005000000000009663
283,2022-10-13 14:06:32,2022-10-13 14:06:32,101.715,-101.11,2022-10-13 14:10:30,2022-10-13 14:10:32,-101.72,101.11,0.0049999999999954525,0.0,0.0049999999999954525
284,2022-10-13 14:07:07,2022-10-13 14:07:04,101.71,-101.105,2022-10-13 14:10:30,2022-10-13 14:10:32,-101.72,101.11,0.010000000000005116,-0.0049999999999954525,0.005000000000009663
285,2022-10-13 14:07:16,2022-10-13 14:07:19,101.715,-101.11,2022-10-13 14:10:30,2022-10-13 14:10:32,-101.72,101.11,0.0049999999999954525,0.0,0.0049999999999954525
286,2022-10-13 14:07:31,2022-10-13 14:07:30,101.715,-101.11,2022-10-13 14:10:30,2022-10-13 14:10:32,-101.72,101.11,0.0049999999999954525,0.0,0.0049999999999954525
287,2022-10-13 14:07:49,2022-10-13 14:07:47,101.715,-101.115,2022-10-13 14:10:30,2022-10-13 14:10:32,-101.72,101.11,0.0049999999999954525,0.0049999999999954525,0.009999999999990905
288,2022-10-13 14:08:35,2022-10-13 14:08:30,101.715,-101.115,2022-10-13 14:10:30,2022-10-13 14:10:32,-101.72,101.11,0.0049999999999954525,0.0049999999999954525,0.009999999999990905
289,2022-10-13 14:09:14,2022-10-13 14:09:00,101.715,-101.115,2022-10-13 14:10:30,2022-10-13 14:10:32,-101.72,101.11,0.0049999999999954525,0.0049999999999954525,0.009999999999990905
290,2022-10-13 14:13:34,2022-10-13 14:13:30,101.72,-101.13,2022-10-13 14:18:30,2022-10-13 14:18:30,-101.72,101.11,0.0,0.01999999999999602,0.01999999999999602
291,2022-10-13 14:13:46,2022-10-13 14:13:46,101.725,-101.13,2022-10-13 14:18:30,2022-10-13 14:18:30,-101.72,101.11,-0.0049999999999954525,0.01999999999999602,0.015000000000000568
292,2022-10-13 14:14:00,2022-10-13 14:14:00,101.725,-101.13,2022-10-13 14:18:30,2022-10-13 14:18:30,-101.72,101.11,-0.0049999999999954525,0.01999999999999602,0.015000000000000568
293,2022-10-13 14:14:15,2022-10-13 14:14:15,101.72,-101.125,2022-10-13 14:18:30,2022-10-13 14:18:30,-101.72,101.11,0.0,0.015000000000000568,0.015000000000000568
294,2022-10-13 14:15:26,2022-10-13 14:15:26,-101.725,101.115,2022-10-13 14:18:30,2022-10-13 14:18:30,101.715,-101.115,0.009999999999990905,0.0,0.009999999999990905
295,2022-10-13 14:15:30,2022-10-13 14:15:30,-101.72,101.11,2022-10-13 14:18:30,2022-10-13 14:18:30,101.715,-101.115,0.0049999999999954525,0.0049999999999954525,0.009999999999990905
296,2022-10-13 14:15:45,2022-10-13 14:15:45,-101.725,101.115,2022-10-13 14:18:30,2022-10-13 14:18:30,101.715,-101.115,0.009999999999990905,0.0,0.009999999999990905
297,2022-10-13 14:16:00,2022-10-13 14:16:00,-101.72,101.11,2022-10-13 14:18:30,2022-10-13 14:18:30,101.715,-101.115,0.0049999999999954525,0.0049999999999954525,0.009999999999990905
298,2022-10-13 14:16:19,2022-10-13 14:16:16,-101.72,101.11,2022-10-13 14:18:30,2022-10-13 14:18:30,101.715,-101.115,0.0049999999999954525,0.0049999999999954525,0.009999999999990905
299,2022-10-13 14:16:32,2022-10-13 14:16:32,-101.72,101.105,2022-10-13 14:18:30,2022-10-13 14:18:30,101.715,-101.115,0.0049999999999954525,0.009999999999990905,0.014999999999986358
300,2022-10-13 14:16:45,2022-10-13 14:16:45,-101.715,101.1,2022-10-13 14:18:30,2022-10-13 14:18:30,101.715,-101.115,0.0,0.015000000000000568,0.015000000000000568
301,2022-10-13 14:17:15,2022-10-13 14:17:15,-101.72,101.105,2022-10-13 14:18:30,2022-10-13 14:18:30,101.715,-101.115,0.0049999999999954525,0.009999999999990905,0.014999999999986358
302,2022-10-13 14:17:53,2022-10-13 14:17:47,-101.72,101.11,2022-10-13 14:18:30,2022-10-13 14:18:30,101.715,-101.115,0.0049999999999954525,0.0049999999999954525,0.009999999999990905
303,2022-10-13 14:20:01,2022-10-13 14:20:00,-101.71,101.09,2022-10-13 14:22:45,2022-10-13 14:22:45,101.715,-101.105,-0.005000000000009663,0.015000000000000568,0.009999999999990905
304,2022-10-13 14:20:15,2022-10-13 14:20:15,-101.71,101.09,2022-10-13 14:22:45,2022-10-13 14:22:45,101.715,-101.105,-0.005000000000009663,0.015000000000000568,0.009999999999990905
305,2022-10-13 14:20:30,2022-10-13 14:20:30,-101.715,101.095,2022-10-13 14:22:45,2022-10-13 14:22:45,101.715,-101.105,0.0,0.010000000000005116,0.010000000000005116
306,2022-10-13 14:20:54,2022-10-13 14:20:45,-101.715,101.095,2022-10-13 14:22:45,2022-10-13 14:22:45,101.715,-101.105,0.0,0.010000000000005116,0.010000000000005116
307,2022-10-13 14:21:00,2022-10-13 14:21:00,-101.715,101.0975,2022-10-13 14:22:45,2022-10-13 14:22:45,101.715,-101.105,0.0,0.00750000000000739,0.00750000000000739
308,2022-10-13 14:23:00,2022-10-13 14:23:00,-101.72,101.1,2022-10-13 14:26:45,2022-10-13 14:26:45,101.715,-101.105,0.0049999999999954525,0.005000000000009663,0.010000000000005116
309,2022-10-13 14:25:04,2022-10-13 14:25:02,101.715,-101.105,2022-10-13 14:26:45,2022-10-13 14:26:45,-101.72,101.1,0.0049999999999954525,0.005000000000009663,0.010000000000005116
310,2022-10-13 14:25:16,2022-10-13 14:25:15,101.715,-101.11,2022-10-13 14:26:45,2022-10-13 14:26:45,-101.72,101.1,0.0049999999999954525,0.010000000000005116,0.015000000000000568
311,2022-10-13 14:25:30,2022-10-13 14:25:30,101.72,-101.115,2022-10-13 14:26:45,2022-10-13 14:26:45,-101.72,101.1,0.0,0.015000000000000568,0.015000000000000568
312,2022-10-13 14:27:15,2022-10-13 14:27:15,-101.725,101.105,2022-10-13 14:34:46,2022-10-13 14:34:45,101.73,-101.125,-0.005000000000009663,0.01999999999999602,0.014999999999986358
313,2022-10-13 14:27:30,2022-10-13 14:27:33,-101.725,101.105,2022-10-13 14:34:46,2022-10-13 14:34:45,101.73,-101.125,-0.005000000000009663,0.01999999999999602,0.014999999999986358
314,2022-10-13 14:27:45,2022-10-13 14:27:48,-101.72,101.1,2022-10-13 14:34:46,2022-10-13 14:34:45,101.73,-101.125,-0.010000000000005116,0.025000000000005684,0.015000000000000568
315,2022-10-13 14:30:00,2022-10-13 14:30:01,101.715,-101.105,2022-10-13 14:34:46,2022-10-13 14:34:45,-101.735,101.12,0.01999999999999602,-0.015000000000000568,0.0049999999999954525
316,2022-10-13 14:30:28,2022-10-13 14:30:28,101.72,-101.11,2022-10-13 14:34:46,2022-10-13 14:34:45,-101.735,101.12,0.015000000000000568,-0.010000000000005116,0.0049999999999954525
317,2022-10-13 14:32:01,2022-10-13 14:32:01,-101.725,101.11,2022-10-13 14:34:46,2022-10-13 14:34:45,101.73,-101.125,-0.005000000000009663,0.015000000000000568,0.009999999999990905
318,2022-10-13 14:34:00,2022-10-13 14:34:00,-101.73,101.11,2022-10-13 14:34:46,2022-10-13 14:34:45,101.73,-101.125,0.0,0.015000000000000568,0.015000000000000568
319,2022-10-13 14:34:17,2022-10-13 14:34:17,-101.73,101.11,2022-10-13 14:34:46,2022-10-13 14:34:45,101.73,-101.125,0.0,0.015000000000000568,0.015000000000000568
320,2022-10-13 14:35:35,2022-10-13 14:35:30,101.73,-101.13,2022-10-13 14:37:32,2022-10-13 14:37:30,-101.74,101.13,0.009999999999990905,0.0,0.009999999999990905
321,2022-10-13 14:35:46,2022-10-13 14:35:46,101.73,-101.13,2022-10-13 14:37:32,2022-10-13 14:37:30,-101.74,101.13,0.009999999999990905,0.0,0.009999999999990905
322,2022-10-13 14:36:02,2022-10-13 14:36:01,101.72749999999999,-101.125,2022-10-13 14:37:32,2022-10-13 14:37:30,-101.74,101.13,0.012500000000002842,-0.0049999999999954525,0.00750000000000739
323,2022-10-13 14:36:15,2022-10-13 14:36:15,101.725,-101.12,2022-10-13 14:37:32,2022-10-13 14:37:30,-101.74,101.13,0.015000000000000568,-0.009999999999990905,0.005000000000009663
324,2022-10-13 14:36:32,2022-10-13 14:36:30,101.725,-101.12,2022-10-13 14:37:32,2022-10-13 14:37:30,-101.74,101.13,0.015000000000000568,-0.009999999999990905,0.005000000000009663
325,2022-10-13 14:40:30,2022-10-13 14:40:30,-101.74,101.13,2022-10-13 14:41:15,2022-10-13 14:41:16,101.74,-101.135,0.0,0.005000000000009663,0.005000000000009663
326,2022-10-13 14:42:15,2022-10-13 14:42:15,101.745,-101.145,2022-10-13 14:44:30,2022-10-13 14:44:30,-101.75,101.145,0.0049999999999954525,0.0,0.0049999999999954525
327,2022-10-13 14:42:45,2022-10-13 14:42:45,101.75,-101.16,2022-10-13 14:44:30,2022-10-13 14:44:30,-101.75,101.145,0.0,0.015000000000000568,0.015000000000000568
328,2022-10-13 14:43:01,2022-10-13 14:43:00,101.745,-101.155,2022-10-13 14:44:30,2022-10-13 14:44:30,-101.75,101.145,0.0049999999999954525,0.010000000000005116,0.015000000000000568
329,2022-10-13 14:43:15,2022-10-13 14:43:15,101.745,-101.155,2022-10-13 14:44:30,2022-10-13 14:44:30,-101.75,101.145,0.0049999999999954525,0.010000000000005116,0.015000000000000568
330,2022-10-13 14:43:31,2022-10-13 14:43:30,101.745,-101.15,2022-10-13 14:44:30,2022-10-13 14:44:30,-101.75,101.145,0.0049999999999954525,0.005000000000009663,0.010000000000005116
331,2022-10-13 14:43:45,2022-10-13 14:43:45,101.74,-101.15,2022-10-13 14:44:30,2022-10-13 14:44:30,-101.75,101.145,0.010000000000005116,0.005000000000009663,0.01500000000001478
332,2022-10-13 14:44:00,2022-10-13 14:44:00,101.74,-101.145,2022-10-13 14:44:30,2022-10-13 14:44:30,-101.75,101.145,0.010000000000005116,0.0,0.010000000000005116
333,2022-10-13 14:45:48,2022-10-13 14:45:45,101.745,-101.155,2022-10-13 14:49:30,2022-10-13 14:49:30,-101.75,101.155,0.0049999999999954525,0.0,0.0049999999999954525
334,2022-10-13 14:46:00,2022-10-13 14:46:00,101.75,-101.16,2022-10-13 14:49:30,2022-10-13 14:49:30,-101.75,101.155,0.0,0.0049999999999954525,0.0049999999999954525
335,2022-10-13 14:46:15,2022-10-13 14:46:15,101.7475,-101.16,2022-10-13 14:49:30,2022-10-13 14:49:30,-101.75,101.155,0.0024999999999977263,0.0049999999999954525,0.007499999999993179
336,2022-10-13 14:46:31,2022-10-13 14:46:30,101.745,-101.155,2022-10-13 14:49:30,2022-10-13 14:49:30,-101.75,101.155,0.0049999999999954525,0.0,0.0049999999999954525
337,2022-10-13 14:46:47,2022-10-13 14:46:45,101.745,-101.1575,2022-10-13 14:49:30,2022-10-13 14:49:30,-101.75,101.155,0.0049999999999954525,0.0024999999999977263,0.007499999999993179
338,2022-10-13 14:47:15,2022-10-13 14:47:15,101.75,-101.16,2022-10-13 14:49:30,2022-10-13 14:49:30,-101.75,101.155,0.0,0.0049999999999954525,0.0049999999999954525
339,2022-10-13 14:47:32,2022-10-13 14:47:32,101.75,-101.16,2022-10-13 14:49:30,2022-10-13 14:49:30,-101.75,101.155,0.0,0.0049999999999954525,0.0049999999999954525
340,2022-10-13 14:50:49,2022-10-13 14:50:45,-101.745,101.14,2022-10-13 14:53:41,2022-10-13 14:53:30,101.74,-101.145,0.005000000000009663,0.0049999999999954525,0.010000000000005116
341,2022-10-13 14:51:00,2022-10-13 14:51:00,-101.745,101.14,2022-10-13 14:53:41,2022-10-13 14:53:30,101.74,-101.145,0.005000000000009663,0.0049999999999954525,0.010000000000005116
342,2022-10-13 14:51:15,2022-10-13 14:51:15,-101.745,101.14,2022-10-13 14:53:41,2022-10-13 14:53:30,101.74,-101.145,0.005000000000009663,0.0049999999999954525,0.010000000000005116
343,2022-10-13 14:51:30,2022-10-13 14:51:30,-101.745,101.135,2022-10-13 14:53:41,2022-10-13 14:53:30,101.74,-101.145,0.005000000000009663,0.009999999999990905,0.015000000000000568
344,2022-10-13 14:51:46,2022-10-13 14:51:45,-101.745,101.135,2022-10-13 14:53:41,2022-10-13 14:53:30,101.74,-101.145,0.005000000000009663,0.009999999999990905,0.015000000000000568
345,2022-10-13 14:52:19,2022-10-13 14:52:15,-101.745,101.14,2022-10-13 14:53:41,2022-10-13 14:53:30,101.74,-101.145,0.005000000000009663,0.0049999999999954525,0.010000000000005116
346,2022-10-13 14:52:31,2022-10-13 14:52:32,-101.745,101.135,2022-10-13 14:53:41,2022-10-13 14:53:30,101.74,-101.145,0.005000000000009663,0.009999999999990905,0.015000000000000568
347,2022-10-13 14:52:45,2022-10-13 14:52:45,-101.745,101.135,2022-10-13 14:53:41,2022-10-13 14:53:30,101.74,-101.145,0.005000000000009663,0.009999999999990905,0.015000000000000568
348,2022-10-13 14:54:45,2022-10-13 14:54:46,101.745,-101.15,2022-10-13 14:55:47,2022-10-13 14:55:45,-101.75,101.15,0.0049999999999954525,0.0,0.0049999999999954525
349,2022-10-13 14:55:00,2022-10-13 14:55:02,101.745,-101.15,2022-10-13 14:55:47,2022-10-13 14:55:45,-101.75,101.15,0.0049999999999954525,0.0,0.0049999999999954525
350,2022-10-13 14:55:16,2022-10-13 14:55:16,101.745,-101.15,2022-10-13 14:55:47,2022-10-13 14:55:45,-101.75,101.15,0.0049999999999954525,0.0,0.0049999999999954525
351,2022-10-13 14:57:30,2022-10-13 14:57:30,-101.74,101.13,2022-10-13 15:00:15,2022-10-13 15:00:15,101.74,-101.135,0.0,0.005000000000009663,0.005000000000009663
352,2022-10-13 14:58:31,2022-10-13 14:58:30,-101.745,101.135,2022-10-13 15:00:15,2022-10-13 15:00:15,101.74,-101.135,0.005000000000009663,0.0,0.005000000000009663
353,2022-10-13 14:58:45,2022-10-13 14:58:45,-101.74,101.135,2022-10-13 15:00:15,2022-10-13 15:00:15,101.74,-101.135,0.0,0.0,0.0
354,2022-10-13 14:59:02,2022-10-13 14:59:00,-101.74,101.135,2022-10-13 15:00:15,2022-10-13 15:00:15,101.74,-101.135,0.0,0.0,0.0
355,2022-10-13 15:01:15,2022-10-13 15:01:15,-101.74,101.125,2022-10-13 15:06:17,2022-10-13 15:06:15,101.73,-101.125,0.009999999999990905,0.0,0.009999999999990905
356,2022-10-13 15:01:35,2022-10-13 15:01:30,-101.74,101.125,2022-10-13 15:06:17,2022-10-13 15:06:15,101.73,-101.125,0.009999999999990905,0.0,0.009999999999990905
357,2022-10-13 15:01:47,2022-10-13 15:01:45,-101.735,101.125,2022-10-13 15:06:17,2022-10-13 15:06:15,101.73,-101.125,0.0049999999999954525,0.0,0.0049999999999954525
358,2022-10-13 15:02:32,2022-10-13 15:02:30,-101.74,101.125,2022-10-13 15:06:17,2022-10-13 15:06:15,101.73,-101.125,0.009999999999990905,0.0,0.009999999999990905
359,2022-10-13 15:02:47,2022-10-13 15:02:46,-101.74,101.125,2022-10-13 15:06:17,2022-10-13 15:06:15,101.73,-101.125,0.009999999999990905,0.0,0.009999999999990905
360,2022-10-13 15:05:00,2022-10-13 15:05:00,-101.735,101.115,2022-10-13 15:06:17,2022-10-13 15:06:15,101.73,-101.125,0.0049999999999954525,0.010000000000005116,0.015000000000000568
361,2022-10-13 15:05:15,2022-10-13 15:05:15,-101.73,101.115,2022-10-13 15:06:17,2022-10-13 15:06:15,101.73,-101.125,0.0,0.010000000000005116,0.010000000000005116
362,2022-10-13 15:05:30,2022-10-13 15:05:30,-101.73,101.115,2022-10-13 15:06:17,2022-10-13 15:06:15,101.73,-101.125,0.0,0.010000000000005116,0.010000000000005116
363,2022-10-13 15:06:46,2022-10-13 15:06:45,101.73,-101.125,2022-10-13 15:12:31,2022-10-13 15:12:30,-101.725,101.12,-0.005000000000009663,0.0049999999999954525,-1.4210854715202004e-14
364,2022-10-13 15:07:07,2022-10-13 15:07:00,101.725,-101.12,2022-10-13 15:12:31,2022-10-13 15:12:30,-101.725,101.12,0.0,0.0,0.0
365,2022-10-13 15:07:19,2022-10-13 15:07:19,101.725,-101.12,2022-10-13 15:12:31,2022-10-13 15:12:30,-101.725,101.12,0.0,0.0,0.0
366,2022-10-13 15:09:08,2022-10-13 15:09:00,101.73,-101.13,2022-10-13 15:12:31,2022-10-13 15:12:30,-101.725,101.12,-0.005000000000009663,0.009999999999990905,0.004999999999981242
367,2022-10-13 15:09:57,2022-10-13 15:09:46,101.73,-101.13,2022-10-13 15:12:31,2022-10-13 15:12:30,-101.725,101.12,-0.005000000000009663,0.009999999999990905,0.004999999999981242
368,2022-10-13 15:10:00,2022-10-13 15:10:00,101.725,-101.1275,2022-10-13 15:12:31,2022-10-13 15:12:30,-101.725,101.12,0.0,0.007499999999993179,0.007499999999993179
369,2022-10-13 15:10:16,2022-10-13 15:10:15,101.725,-101.125,2022-10-13 15:12:31,2022-10-13 15:12:30,-101.725,101.12,0.0,0.0049999999999954525,0.0049999999999954525
370,2022-10-13 15:10:30,2022-10-13 15:10:30,101.725,-101.125,2022-10-13 15:12:31,2022-10-13 15:12:30,-101.725,101.12,0.0,0.0049999999999954525,0.0049999999999954525
371,2022-10-13 15:11:00,2022-10-13 15:11:03,101.72,-101.125,2022-10-13 15:12:31,2022-10-13 15:12:30,-101.725,101.12,0.0049999999999954525,0.0049999999999954525,0.009999999999990905
372,2022-10-13 15:11:18,2022-10-13 15:11:15,101.72,-101.125,2022-10-13 15:12:31,2022-10-13 15:12:30,-101.725,101.12,0.0049999999999954525,0.0049999999999954525,0.009999999999990905
373,2022-10-13 15:11:32,2022-10-13 15:11:30,101.72,-101.125,2022-10-13 15:12:31,2022-10-13 15:12:30,-101.725,101.12,0.0049999999999954525,0.0049999999999954525,0.009999999999990905
374,2022-10-13 15:11:45,2022-10-13 15:11:45,101.7225,-101.13,2022-10-13 15:12:31,2022-10-13 15:12:30,-101.725,101.12,0.0024999999999977263,0.009999999999990905,0.012499999999988631
375,2022-10-13 15:12:01,2022-10-13 15:12:00,101.725,-101.13,2022-10-13 15:12:31,2022-10-13 15:12:30,-101.725,101.12,0.0,0.009999999999990905,0.009999999999990905
376,2022-10-13 15:12:15,2022-10-13 15:12:15,101.72,-101.125,2022-10-13 15:12:31,2022-10-13 15:12:30,-101.725,101.12,0.0049999999999954525,0.0049999999999954525,0.009999999999990905
377,2022-10-13 15:13:17,2022-10-13 15:13:15,-101.725,101.11,2022-10-13 15:14:15,2022-10-13 15:14:15,101.72,-101.125,0.0049999999999954525,0.015000000000000568,0.01999999999999602
378,2022-10-13 15:13:31,2022-10-13 15:13:30,-101.725,101.115,2022-10-13 15:14:15,2022-10-13 15:14:15,101.72,-101.125,0.0049999999999954525,0.010000000000005116,0.015000000000000568
379,2022-10-13 15:13:45,2022-10-13 15:13:45,-101.725,101.115,2022-10-13 15:14:15,2022-10-13 15:14:15,101.72,-101.125,0.0049999999999954525,0.010000000000005116,0.015000000000000568
